{
    "BENIGN": {
        "precision": 0.990909090909091,
        "recall": 0.9914724275156339,
        "f1-score": 0.9911906791702189,
        "support": 1759.0
    },
    "Bot": {
        "precision": 0.9935294117647059,
        "recall": 0.9946996466431095,
        "f1-score": 0.9941141848145968,
        "support": 1698.0
    },
    "Brute Force": {
        "precision": 1.0,
        "recall": 0.9964994165694282,
        "f1-score": 0.9982466393921683,
        "support": 1714.0
    },
    "DDoS": {
        "precision": 0.992022792022792,
        "recall": 0.9971363115693013,
        "f1-score": 0.9945729791488146,
        "support": 1746.0
    },
    "DoS": {
        "precision": 0.9931232091690544,
        "recall": 0.9914187643020596,
        "f1-score": 0.9922702547953048,
        "support": 1748.0
    },
    "Port Scan": {
        "precision": 0.9994526546250684,
        "recall": 0.9994526546250684,
        "f1-score": 0.9994526546250684,
        "support": 1827.0
    },
    "Web Attack": {
        "precision": 1.0,
        "recall": 0.9982935153583617,
        "f1-score": 0.9991460290350128,
        "support": 1758.0
    },
    "accuracy": 0.9955918367346939,
    "macro avg": {
        "precision": 0.9955767369272445,
        "recall": 0.9955675337975661,
        "f1-score": 0.9955704887115979,
        "support": 12250.0
    },
    "weighted avg": {
        "precision": 0.9955978119661112,
        "recall": 0.9955918367346939,
        "f1-score": 0.9955931899112941,
        "support": 12250.0
    }
}